"","area_name","area_code","covid_rate","area","popden","under15","age_15_64","over_65","white","black","asian_indian","asian_bang","asian_chin","mixed_ethnicity","other_ethnicity","BAME","imd","imd_income","imd_emp","imd_edu","imd_health","imd_crime","imd_house","imd_living_env","imd_daci","imd_daopi"
"1","Barking and Dagenham","E09000002",25.9855522266031,3609.04,51.5,24.6160797370785,64.9913130476411,10.3926072152804,58.2020429130068,19.9773009665915,3.99976332761375,4.14230465115028,0.707327699813352,4.23751149743695,1.56687877532798,28.8266966451689,34.635,0.242,0.156,27.182,0.373,0.907,37.618,26.539,0.319,0.279
"2","Barnet","E09000003",20.3206635501956,8673.72,41.1,19.6090755529117,67.0817596650822,13.309164782006,64.0883760866027,7.69699146431117,7.83420224138995,0.621517119078752,2.31743109998709,4.81752930810975,4.85849612498807,18.470141924767,17.813,0.133,0.089,8.481,-0.727,0.393,31.025,23.929,0.175,0.177
"3","Barnsley","E08000016",45.9949572054441,32905.31,7,17.254920617072,65.4412877723044,17.3037916106236,97.7947504768165,0.528066222358696,0.191159107520511,0.0259492001159064,0.190294134183314,0.704953269815458,0.183374347485739,0.935468664178427,29.568,0.188,0.181,37.762,0.832,0.135,10.889,12.024,0.249,0.186
"4","Bath and North East Somerset","E06000022",20.9753658758295,34574.08,5.1,15.6269884555949,66.2968139260067,18.0761976183983,94.5453822379784,0.753340605399509,0.634033269702754,0.124420507226616,1.08626488501045,1.64644123261522,0.421552586128534,2.59805926733933,12.094,0.091,0.076,13.671,-0.537,-0.38,18.012,16.469,0.121,0.115
"5","Bedford","E06000055",21.4695292705694,47641.2,3.3,18.6882060465205,65.5204820960255,15.791311857454,80.4748569650557,3.93830288482909,5.15751306523409,2.04789209989903,0.574679798576318,3.42013855815696,0.706760901453527,11.7183878485385,19.238,0.136,0.113,19.998,-0.218,-0.157,25.077,18.494,0.189,0.135
"6","Bexley","E09000004",21.9614908813476,6055.95,38.3,19.0584361004668,64.9017013151032,16.03986258443,81.6122622275288,8.45873006978539,3.03753927852515,0.334918123941258,1.08363470217287,2.3254611051005,0.764234020267503,12.9148221744247,16.17,0.126,0.097,18.31,-0.639,0.071,23.637,14.349,0.194,0.122
"7","Birmingham","E08000025",38.2751888317825,26778.82,40.1,21.4268739894413,65.6926783126523,12.8804476979064,57.8939373465232,8.98005209473974,6.0222078291218,3.03174610570852,1.18466606712673,4.43644022384895,2.03197442791309,19.2186720966968,37.768,0.242,0.178,30.94,0.571,0.434,35.43,38.363,0.305,0.282
"8","Blackburn with Darwen","E06000008",66.5269952335428,13701.18,10.8,21.7494186007092,65.326905735343,12.9236756639478,69.0546413630847,0.632589549051116,13.4186278298721,1.0339754151157,0.488850015933392,1.2360243814793,0.833960498749059,15.5740428099723,34.189,0.215,0.18,34.903,1.022,0.484,12.478,30.637,0.24,0.247
"9","Blackpool","E06000009",37.2575933551543,3488.1,40.7,16.6867279062401,64.1396543835568,19.1736177102031,96.5065287016507,0.243550487452926,0.441347270615563,0.16260162601626,0.361806215464752,1.23394220955197,0.242846584309999,1.2093055995495,41.997,0.257,0.228,35.579,1.489,0.831,8.343,37.918,0.329,0.253
"10","Bolton","E08000001",55.3026525908102,13980.34,19.8,19.305889748759,65.3248357937179,15.3692744575231,81.8072445860701,1.68072084570751,7.82734675886786,0.221832029076615,0.514115598332286,1.7674304336202,0.667663826927663,10.2440152319843,28.42,0.19,0.16,25.376,0.672,0.22,18.117,24.352,0.231,0.211
"11","Bracknell Forest","E06000036",13.2856322600592,10938.54,10.3,19.3048010246897,68.1984011306921,12.4967978446182,90.4871692946425,1.93366017402058,1.75698953226448,0.118369329976591,0.491144384081975,2.03436243982156,0.437259838346363,4.30016342034362,10.462,0.082,0.066,14.846,-0.823,-0.499,24.201,4.315,0.11,0.118
"12","Bradford","E08000032",56.5927587606134,36641.72,14.3,21.9957048685812,64.7223094178987,13.2819857135201,67.3524074938942,1.77375146424935,2.59449671931584,1.887828929739,0.399271129213784,2.48424735669497,1.48147581021797,6.65534824251797,33.168,0.205,0.162,36.121,0.636,0.53,18.484,35.715,0.249,0.227
"13","Brent","E09000005",21.403209999518,4323.52,72,18.9695226772488,70.5309834037563,10.4994939189949,36.1679224973089,18.8397088829266,18.6420962999855,0.561990906607972,1.04429413749337,5.06884308275629,5.76514628150957,39.0880902270135,26.655,0.188,0.12,16.378,-0.227,0.627,38.073,29.343,0.265,0.28
"14","Brighton and Hove","E06000043",15.1370491899228,8266.71,33.1,15.2606915926824,71.6829633206399,13.0563450866777,89.0057029143758,1.5319952152585,1.09595455227184,0.500056699918425,1.09705197004781,3.80730807077613,1.457005000567,4.22505843749657,23.441,0.14,0.112,19.899,0.278,0.133,25.376,34.253,0.183,0.205
"15","Bristol, City of","E06000023",36.2839008579422,10960.76,39.1,17.3206704745536,69.6322571304474,13.047072394999,83.8870804279903,6.00933134688044,1.52883703769434,0.491320166077425,0.907447797232354,3.60503836687419,0.890868076799133,8.93693634788457,27.161,0.167,0.129,27.677,0.315,0.519,20.43,31.854,0.246,0.198
"16","Bromley","E09000006",17.1756218648187,15015.45,20.6,18.3482442984951,64.8326394994053,16.8191162020996,84.1295185395873,6.03958731964627,2.00877850752443,0.408866421885504,0.89465790970678,3.52206909034493,0.928272224233335,9.35189015876299,15.164,0.112,0.088,11.508,-0.779,0.256,24.912,16.008,0.166,0.113
"17","Buckinghamshire","E10000002",15.3755420229851,156494.89,3.2,18.8652695618099,64.4804990470687,16.6542313911214,86.2993609521793,2.07606430455804,2.24982831403392,0.215522786240582,0.505459316858078,2.44615393749641,0.49358478318091,5.04687472169062,9.757,0.076,0.064,12.18,-1.305,-0.362,22.313,9.278,0.098,0.091
"18","Bury","E08000002",53.6042364638496,9948.44,18.6,18.7528369177564,65.2847725062142,15.9623905760294,89.1386577326273,1.022911488166,0.749486652977413,0.168053604236464,0.594401815627364,1.8183291905328,0.736517886090998,2.53485356100724,21.769,0.153,0.14,16.915,0.378,0.016,13.967,22.389,0.184,0.165
"19","Calderdale","E08000033",40.5100428797111,36392.21,5.6,18.3740052790125,65.6947592554434,15.9312354655441,89.6387114499622,0.441062474856005,0.554394434468615,0.281612748128306,0.225192075593889,1.37224887894577,0.229607606487887,1.50226173304681,24.607,0.164,0.14,21.047,0.293,0.188,14.472,34.7,0.214,0.164
"20","Cambridgeshire","E10000003",11.8220891485971,304624.19,2,16.9561018013232,66.9094187150883,16.1344794835885,92.316446934209,0.967466718179038,1.19605286457076,0.41242092046168,1.08224271985319,1.78377682265257,0.562450701051174,3.65818322306466,13.393,0.091,0.075,17.263,-0.636,-0.461,23.974,16.404,0.127,0.113
"21","Camden","E09000007",16.5654585228149,2179.6,101.1,15.2765296952863,73.8415525238497,10.8819177808639,66.2110030952446,8.1964981074531,2.76075847107626,5.67446377837686,2.94683622434623,5.59231725803084,3.83728635096987,19.5785565812524,24.959,0.174,0.114,11.283,-0.023,0.506,22.469,47.717,0.272,0.254
"22","Central Bedfordshire","E06000056",14.5136625770006,71566.45,3.6,18.2623702241913,66.0568202813889,15.6808094944198,93.6563658449334,1.42070359028387,0.995750468785011,0.0841257798341857,0.551928013491574,1.88260915713045,0.335716897095302,3.05250785239464,12.201,0.094,0.076,17.583,-0.75,-0.185,18.658,9.927,0.137,0.108
"23","Cheshire East","E06000049",24.7887887130634,116637.63,3.2,16.5675565414034,64.1493325264031,19.2831109321935,96.6227808292829,0.378788902187628,0.580071164762365,0.136169476963313,0.303949725364537,1.04639758785498,0.230191258676076,1.39897926927784,14.132,0.094,0.088,13.47,-0.266,-0.424,18.533,20.496,0.124,0.102
"24","Cheshire West and Chester","E06000050",27.6085531904565,91665.6,3.6,16.4528773573457,65.0099512147763,18.537171427878,97.3313754520521,0.275478750515764,0.376811242445572,0.174753039974758,0.283670299264581,0.925341617921895,0.160190286643528,1.11071333220067,18.086,0.122,0.114,18.993,0.063,-0.239,16.785,16.861,0.166,0.131
"25","Cornwall and Isles of Scilly","E06000052",7.12416372801175,354618.74,1.5,15.6707178459174,62.6785502928009,21.6507318612817,98.1099924286973,0.143159619217958,0.157250132920513,0.0526045844895383,0.188625010098201,0.826643470549887,0.15574714479224,0.54163934672621,23.833,0.143,0.125,18.139,0.103,-0.386,28.441,42.151,0.177,0.162
"26","County Durham","E06000047",38.0678120652636,222606.26,2.3,15.9967422775221,66.0107707475226,17.9924869749553,98.0632917804856,0.136582742643821,0.266540930009625,0.0469564065294734,0.311354098066799,0.602834530299547,0.160158365839117,0.761434177249718,25.741,0.178,0.168,23.093,0.766,-0.172,17.605,6.077,0.239,0.194
"27","Coventry","E08000026",27.9782937910146,9864.42,32.1,18.5225265017668,66.8857269056032,14.59174659263,73.7878596668349,5.60449268046441,8.75536345280162,0.931032306915699,1.17617364967188,2.59654215042908,1.68443967693084,16.4670620898536,28.107,0.182,0.134,25.742,0.55,0.383,23.188,30.76,0.253,0.22
"28","Croydon","E09000008",17.4116209566897,8651.89,42,20.4189576694241,67.3692408456208,12.2118014849551,55.0283726587741,20.1597234835351,6.78632168155474,0.707252502903313,1.08014244120448,6.57579710384228,1.76262734672985,28.7334401091976,23.643,0.162,0.115,15.661,-0.134,0.624,31.671,24.064,0.232,0.17
"29","Cumbria","E10000006",20.7658975148942,676655.85,0.7,15.4952006369809,63.9211536076246,20.5836457553945,98.4163502434691,0.115832896542618,0.178450679993118,0.0972276126419903,0.230665509004557,0.500942267604,0.0904256808933737,0.622176698182284,21.331,0.119,0.119,23.13,0.265,-0.517,19.889,28.799,0.155,0.125
"30","Darlington","E06000005",32.4258269864727,19747.51,5.3,17.8820431207609,64.6508279337653,17.4671289454738,95.9086430980258,0.338183471638058,0.687734454927816,0.495434049486567,0.330605130536925,1.0855973627373,0.247243378424463,1.85195710658937,23.639,0.168,0.15,22.569,0.502,0.224,12.346,10.71,0.215,0.176
"31","Derby","E06000015",31.8871808065865,7803.11,31.9,19.1286904225896,65.7281147488261,15.1431948285843,80.1826718981154,2.94268990802084,4.38468836431466,0.264520486267447,0.519392808902039,2.9073133080337,1.34833086769152,8.11129156750498,27.79,0.181,0.143,29.392,0.42,0.326,18.705,29.666,0.249,0.186
"32","Derbyshire","E10000007",27.7658681592234,254669.96,3,16.4938689283682,64.941287745912,18.5648433257198,97.4141403117635,0.359887018862237,0.536842296728796,0.0297523925340983,0.224377213565012,0.9249226307871,0.117970185244372,1.15085892169014,18.515,0.126,0.117,22.401,0.033,-0.34,16.575,18.465,0.17,0.138
"33","Devon","E10000008",11.1642700485933,656421.67,1.1,15.3174106610539,62.1174465667826,22.5651427721634,97.4705217986626,0.18930893530136,0.250938171139029,0.0763666617988502,0.428055235872502,0.873527429699129,0.225482617206079,0.944669004111742,17.086,0.108,0.095,16.879,-0.319,-0.502,23.413,30.296,0.135,0.127
"34","Doncaster","E08000017",40.1287028524944,56799.22,5.3,17.7574883763996,65.330917123564,16.9115945000364,95.0651781403562,0.772812349124675,0.616728725339118,0.0386902203027758,0.370698606490698,1.09820702244033,0.35184952480473,1.79892990125727,29.051,0.186,0.167,35.244,0.593,0.43,13.318,18.966,0.248,0.183
"35","Dudley","E08000027",34.3500838859152,9795.66,31.9,17.6847487417113,63.7175041942958,18.597747063993,89.8793640648718,1.49268994167932,1.83334664855796,0.126867460254054,0.279939282575697,1.84005752177039,0.622193816409683,3.73284333306703,22.958,0.17,0.143,27.466,0.145,-0.201,14.656,22.227,0.22,0.186
"36","Ealing","E09000009",23.962251328856,5552.5,61,19.162118960316,70.1340526933157,10.7038283463683,48.9048571572083,10.8908580022396,14.2532552910483,0.527701367118827,1.22086340925812,4.45148308903262,5.98790364279404,26.8926780696648,23.585,0.166,0.109,13.205,-0.067,0.601,31.746,28.376,0.23,0.238
"37","East Riding of Yorkshire","E06000011",30.0048776254642,240767.65,1.4,15.4572848682892,63.160461908139,21.3822532235718,98.0199234541967,0.178946013962577,0.323479332932351,0.020647616995682,0.197498945176088,0.68855314068209,0.158597637792919,0.720571909066698,15.792,0.109,0.103,18.208,-0.461,-0.56,21.465,16.93,0.131,0.126
"38","East Sussex","E10000011",10.6897854637905,170855.38,3.1,16.1220192492087,61.1383577223732,22.7396230284181,95.8106673805848,0.552906843171543,0.427781290407104,0.197846473415092,0.36664255294102,1.41891237603741,0.326769463289226,1.54517715993476,18.825,0.131,0.116,21.674,-0.241,-0.388,22.645,18.736,0.174,0.131
"39","Enfield","E09000010",20.5782389123937,8082.94,38.7,21.0416493314473,66.5304385117101,12.4279121568427,60.901346066452,17.1817093699795,3.7277655808952,1.79187495599521,0.828250113612361,5.49915830842396,5.14071931026096,23.5296000204822,26.994,0.21,0.132,20.709,-0.319,0.613,31.956,25.027,0.307,0.219
"40","Essex","E10000012",15.7557439901492,346438.95,4,17.3931013994821,64.2777236010382,18.3291749994798,94.1236535645066,1.34250678285604,0.893808567387612,0.197117223395454,0.456448000734794,1.49865060451913,0.378663118987189,2.8898805743739,17.163,0.12,0.099,23.333,-0.442,-0.068,22.636,12.796,0.168,0.133
"41","Gateshead","E08000037",39.3279191265346,14234.74,14.1,16.5118323393968,65.8845035811681,17.603664079435,96.2245397424756,0.539922283157022,0.45751046380373,0.120870668384828,0.526436712717392,0.778167360923812,0.546914801162756,1.64474012806297,25.932,0.185,0.165,26.145,0.779,-0.301,18.009,8.557,0.227,0.221
"42","Gloucestershire","E10000013",13.5899789609102,265324.94,2.3,16.659910483363,64.6871607949292,18.6529287217078,95.2983664553824,0.86266968628975,0.959657210243491,0.160808329871487,0.32010908165043,1.45079265105932,0.183086983905766,2.30324430805516,15.014,0.107,0.091,17.08,-0.419,-0.359,20.714,18.078,0.146,0.118
"43","Greenwich","E09000011",17.8152633791253,4734.38,53.8,20.5274260774601,69.2131821163826,10.2593918061574,62.293317410246,19.1135973475489,3.07828894903695,0.646220689275879,1.9881598227509,4.82170987244507,1.85891568489572,24.8262668086126,25.544,0.189,0.128,16.795,0.15,0.604,27.854,24.811,0.267,0.245
"44","Hackney and City of London","E09000012",22.1667275754253,1906.35,129.2,19.6479473748325,73.2886669103017,7.0633857148658,54.4698907702928,23.0876680066594,3.08563771470337,2.50944085759532,1.3952166321517,6.4437406098997,5.30271653063711,30.0779632111098,35.28,0.234,0.147,17.203,0.502,0.888,37.13,44.154,0.322,0.431
"45","Halton","E06000006",37.758656338969,7909.52,15.9,18.5405499976142,66.7623622222576,14.6970877801282,97.8162327231085,0.206766020390311,0.224261606731029,0.0477152354746871,0.24493820877006,1.07836432172793,0.116107072988405,0.723681071366087,31.943,0.201,0.179,27.276,0.964,0.331,18.737,20.815,0.268,0.207
"46","Hammersmith and Fulham","E09000013",20.7569605409523,1640.4,111.2,15.3868915520047,75.6193388239549,8.99376962404037,67.9505515280038,11.7840136333996,1.89103143682223,0.578652331870264,1.72061394135665,5.50377274744785,5.52733529505241,15.9743113434488,24.362,0.167,0.11,9.059,0.223,0.468,25.016,43.962,0.267,0.275
"47","Hampshire","E10000014",13.4566409771526,367894.9,3.6,17.4110706729762,64.1207083385188,18.468220988505,94.8600230082532,0.629691574061989,0.814319146934105,0.162620998218226,0.425333968741558,1.36979544509436,0.300503571135873,2.03196568795588,11.917,0.086,0.073,16.357,-0.666,-0.431,20.815,12.239,0.118,0.098
"48","Haringey","E09000014",17.667872245279,2958.85,86.2,19.2687289644838,71.9565677882994,8.77470324721684,60.3990962083114,18.7623074931549,2.33204930058135,1.73265967378769,1.46866149392373,6.49129551320775,4.72882326635965,24.2956779614476,31.043,0.21,0.138,18.493,0.098,0.843,34.618,38.179,0.287,0.318
"49","Harrow","E09000015",21.1205742587511,5046.91,47.4,18.79350445084,67.1231845258015,14.0833110233585,42.1700354728599,8.24409343417442,26.3749916337595,0.57643397362961,1.09974231979118,3.97354594739308,2.94909979251723,36.2952613613547,14.302,0.127,0.083,8.932,-0.796,0.148,25.267,15.628,0.169,0.188
"50","Hartlepool","E06000001",43.7040900595471,9386.11,9.8,17.9760507671578,65.0747598556961,16.9491893771461,97.6431086191159,0.184726387621159,0.289042465336637,0.232537923240753,0.248837310383796,0.597644195244925,0.114095710001304,0.955144086582345,33.178,0.239,0.211,30.51,0.929,0.078,13.128,8.26,0.307,0.244
"51","Havering","E09000016",28.878903351993,11236.35,21.1,17.3905712551426,64.7884771025831,17.8209516422742,87.5889424698186,4.83956633169218,2.11480744587577,0.410990085654549,0.615009779456397,2.07939906926553,0.558103459904229,7.9803736426789,17.876,0.132,0.103,23.089,-0.357,0.319,19.925,13.373,0.202,0.135
"52","Herefordshire, County of","E06000019",13.7346915417191,217973.24,0.8,15.9442327921211,62.7909765256681,21.2647906822109,97.9992042599345,0.180404083345596,0.267063446644539,0.0174408781482148,0.150972601470484,0.692184851507273,0.146067354491299,0.615881009608834,19.737,0.111,0.094,19.325,-0.328,-0.534,34.351,33.533,0.138,0.131
"53","Hertfordshire","E10000015",16.3646822488356,164306.58,6.8,18.7485999881727,65.6684843673559,15.5829156444714,87.4813406423658,2.81355336889886,2.58480263641267,0.502481044959868,0.758201605287162,2.46375201377701,0.635090165241716,6.65903865555856,12.192,0.097,0.078,14.093,-0.734,-0.409,21.876,11.637,0.132,0.116
"54","Hillingdon","E09000017",23.2171018048011,11569.87,23.7,19.5286490275101,67.6296653232872,12.8416856492027,60.4838356404416,7.33090940949711,13.4319695111267,0.96336370539104,1.05462589801998,3.82534606623445,2.95360960224286,22.7808685240348,18.108,0.136,0.091,16.803,-0.248,0.438,23.93,16.915,0.208,0.157
"55","Hounslow","E09000018",22.2202971369169,5598.62,45.4,19.1248912217423,70.2989088703993,10.5761999078584,51.3165614651299,6.62041211701194,18.9642341026237,0.861956945467146,0.947010714412282,4.07509932783896,3.55690136519175,27.393613879515,22.469,0.148,0.095,14.803,-0.183,0.523,36.919,26.56,0.222,0.209
"56","Isle of Wight","E06000046",7.11676852421075,38016.1,3.6,15.131812099953,61.0342458322786,23.8339420677684,97.2415289480346,0.21914439662966,0.314613242686146,0.0947455972227245,0.158391494593715,1.23603225689799,0.140310273749684,0.786894731132246,23.087,0.155,0.145,28.208,0.096,-0.373,19.207,28.007,0.204,0.151
"57","Islington","E09000019",17.9599757428745,1485.95,138.7,15.0345664038811,76.2154032747119,8.75003032140691,68.0907216494845,12.7563371740449,1.71449363250455,2.26173438447544,2.16228016979988,6.47131594906004,3.36834445118253,18.8948453608247,32.534,0.217,0.141,14.567,0.519,0.917,30.375,43.83,0.353,0.361
"58","Kensington and Chelsea","E09000020",16.6720244060788,1212.95,130.8,14.6518414865521,73.2995480589225,12.0486104545254,70.5318029108283,6.51312015833696,1.62434052531059,0.526949429243172,2.50111882205372,5.66407604208032,7.21845079389092,11.1655289349444,23.376,0.135,0.094,6.066,-0.873,0.436,31.949,54.998,0.174,0.216
"59","Kent","E10000016",21.8495087925451,354352.64,4.1,18.078278929318,64.0014620082802,17.9202590624018,93.3510732780412,1.10784702201211,1.23901785836282,0.230983644636343,0.408405864429475,1.51030920791944,0.457799882492792,2.98625438944075,18.805,0.129,0.108,21.601,-0.355,0.14,21.9,16.959,0.178,0.135
"60","Kingston upon Hull, City of","E06000010",41.3640866438383,7144.92,35.9,17.6579331216898,68.4067455519762,13.935321326334,94.0059904994423,1.16845939642598,0.423547030880713,0.29445488795114,0.828373751004267,1.3470823615672,0.843974009968566,2.7148350662621,41.235,0.257,0.202,44.134,0.7,0.808,23.165,34.709,0.34,0.284
"61","Kingston upon Thames","E09000021",21.198300637261,3724.69,43,17.787704610771,69.4933150068724,12.7189803823566,74.4245907784581,2.51218293140072,3.95164313382482,0.557291015869049,1.80119955016869,3.91665625390479,2.74834437086093,8.82231663126328,11.125,0.088,0.061,7.36,-1.104,-0.155,22.252,25.924,0.123,0.127
"62","Kirklees","E08000034",46.1915740736357,40859.65,10.3,19.0634335247528,65.7516250136108,15.1849414616364,79.0876252787259,1.87119192913852,4.9228562365963,0.173034952587003,0.343702805959409,2.31739013108995,0.641720597077106,7.31078592428123,23.964,0.156,0.134,24.717,0.204,0.121,19.763,30.646,0.192,0.17
"63","Knowsley","E08000011",53.9573523061422,8646.93,16.9,18.2551596032709,65.9702658797886,15.7745745169405,97.2301618309309,0.34614409190297,0.320097605779578,0.00685433845352416,0.305703495027177,1.31123494615917,0.146682842905417,0.97879953116325,41.387,0.276,0.233,40.411,1.4,0.129,17.13,21.934,0.337,0.326
"64","Lambeth","E09000022",18.7702500280448,2682.14,113,17.1010868202424,75.2486093056096,7.65030387414793,57.0234190955702,25.9140969889734,1.6440878166593,0.732795312221614,1.50881268022937,7.64139551150499,2.44847996938163,29.7997927980837,28.913,0.191,0.122,11.457,0.199,1.019,29.824,43.368,0.304,0.332
"65","Lancashire","E10000017",41.3116954186619,290320.2,4,17.077805827348,64.8921448018038,18.0300493708482,92.1907321450067,0.349856019478563,1.64017419380726,0.496098909026337,0.410726527503993,1.0862781824903,0.236993731106025,2.89685564981615,22.495,0.141,0.126,20.125,0.493,-0.03,14.379,26.072,0.18,0.162
"66","Leeds","E08000035",48.1207209724745,55172.44,13.6,17.1117187967824,68.3040912326926,14.584189970525,85.005023387027,3.44557775604303,2.14641676147894,0.589765597450382,0.789503449835991,2.61242739376035,1.09516490681783,6.97126356480835,26.623,0.16,0.128,26.477,0.435,0.303,19.849,31.862,0.225,0.18
"67","Leicester","E06000016",54.4053310857721,7331.48,45,19.7790437152671,68.937875751503,11.2830805332298,50.3939800933183,6.24092360212104,28.2971389071638,1.10417506722977,1.28699153223239,3.51080375577176,2.5976309654104,36.929229108747,33.065,0.221,0.153,38.007,0.554,0.55,17.932,34.567,0.284,0.315
"68","Leicestershire","E10000018",31.1042923093242,208287.86,3.1,16.8027437819856,65.4510683501181,17.7461878678963,91.3706457757164,0.582177408073004,4.3963848735336,0.35557864929307,0.538364215228851,1.31454951582579,0.400775416648091,5.87250514612853,12.457,0.09,0.078,17.343,-0.567,-0.201,17.723,13.057,0.12,0.113
"69","Lewisham","E09000023",15.8326839081501,3514.54,78.5,19.5505373615818,70.9763125940156,9.47315004440256,53.4563314424488,27.164216974464,1.66736140058358,0.50310817913261,2.23426427678199,7.4204831723363,2.62826902513729,31.5689508309622,28.591,0.2,0.134,14.956,0.207,0.761,30.446,36.001,0.296,0.257
"70","Lincolnshire","E10000019",24.3872021836943,592061.92,1.2,15.8209942366949,63.4615142092866,20.7174915540186,97.5077523670467,0.358857876306833,0.346667077697424,0.0695015644858215,0.243395599822323,0.867368314853297,0.154416782385837,1.0184221183124,20.609,0.132,0.118,23.145,0.102,-0.476,23.13,21.168,0.177,0.145
"71","Liverpool","E08000012",51.9558762046675,11184.35,41.7,15.5801164199265,70.3838855954461,14.0359979846274,88.8663529260423,2.6388516664344,1.05378257560327,0.230481438204174,1.71049387348177,2.52050212793328,1.77459987350321,5.63360955372362,41.126,0.256,0.207,32.681,1.413,0.467,14.725,37.595,0.334,0.327
"72","Luton","E06000032",29.9506400066929,4335.33,46.9,21.6652477103951,66.5823494963115,11.7524027932933,54.5671527207051,9.79768800350392,5.22881285033046,6.69583318979729,0.736708972888913,4.07527522010226,1.46652821590445,22.4590430165206,27.577,0.178,0.125,25.496,0.317,0.61,32.218,23.736,0.237,0.213
"73","Manchester","E08000003",62.5170185658889,11564.49,43.5,18.2488715572808,72.3014268763155,9.44970156640371,66.5040834620285,8.64274825242931,2.26920837084871,1.27939864089981,2.69097066943336,4.60341027215792,3.05827355717344,14.8823259336112,40.512,0.242,0.167,31.595,1.422,0.815,25.879,34.279,0.343,0.363
"74","Medway","E06000035",26.4165956237567,19203.31,13.7,18.9281045751634,67.050866723501,14.0210287013356,89.4454864071232,2.52458084683149,2.70228284550535,0.494079757506868,0.403523728331912,1.96116320924505,0.71687032300843,6.12446717817562,22.332,0.153,0.124,26.604,-0.034,0.352,18.387,21.186,0.22,0.151
"75","Merton","E09000024",17.8273650052831,3760.87,53.1,18.3837190086783,70.0375075741263,11.5787734171954,64.7944594953253,10.4214969978918,4.05923091946137,1.10970339471088,1.3110124040402,4.67417485840766,1.90242021503007,16.9014437161042,14.93,0.116,0.077,10.377,-0.642,0.215,19.631,27.495,0.169,0.161
"76","Middlesbrough","E06000002",41.239198913389,5387.47,25.7,18.9232147501662,66.1279368840852,14.9488483657486,88.1209721700431,1.2506141086033,1.06710400832298,0.176285293182672,0.653122561627605,1.70649943646505,1.08083114180851,3.14712597173655,40.216,0.268,0.216,40.64,1.195,0.633,18.316,12.907,0.357,0.253
"77","Milton Keynes","E06000042",16.0436619095655,30862.53,8.1,20.9713006538837,67.9721566909545,11.0565426551617,79.9860140422231,6.88486904240398,3.25776361319985,0.799369828109364,1.09395911116827,3.30960811185551,0.634592739358816,12.0359615948815,18.029,0.138,0.1,18.089,-0.067,0.076,25.631,5.619,0.197,0.152
"78","Newcastle upon Tyne","E08000021",56.6927335220236,11343.86,24.7,16.0773368263633,70.1031847724831,13.8194784011536,85.4352784132887,1.8416929298265,1.8102842131938,1.67465566409805,2.15470934445012,1.52724884626504,1.46264682682733,7.48134215156847,28.264,0.194,0.148,29.577,0.777,-0.056,18.448,13.11,0.273,0.245
"79","Newham","E09000025",24.5694581536703,3622.36,85,21.3663696815419,71.947244012676,6.68638630578212,28.8177307912099,19.5646527092316,13.7942230765235,12.0986804509325,1.27604031378253,4.52783261468128,3.46511507091277,46.7335965504702,32.939,0.217,0.129,20.825,0.261,0.967,41.892,33.742,0.288,0.41
"80","Norfolk","E10000020",12.605375060614,537056.1,1.6,15.685497407587,62.7229894811444,21.5915131112686,96.4107202805028,0.537249617665709,0.471273639449439,0.108755455257563,0.373941586780559,1.16880058935432,0.258425342235816,1.49122029915327,21.158,0.132,0.118,29.311,-0.039,-0.545,24.479,21.282,0.177,0.141
"81","North East Lincolnshire","E06000012",33.2548115477145,19184.49,8.3,17.6893293905373,64.5887630312751,17.7219075781877,97.3555282678428,0.257492983159583,0.321396351242983,0.167902967121091,0.379034683239775,0.743033279871692,0.293830192461909,1.12582698476343,30.898,0.204,0.167,36.452,0.207,0.575,16.222,27.635,0.29,0.193
"82","North Lincolnshire","E06000013",29.2333050655137,84631.29,2,17.443832638582,64.6166525327568,17.9395148286612,95.9461557755933,0.295020484215807,0.670066767793796,0.861770361788278,0.316519952701169,0.742926077660858,0.245452265207888,2.14337756649905,21.363,0.15,0.129,25.953,0.143,-0.001,16.1,15.35,0.205,0.156
"83","North Somerset","E06000024",20.7241096728967,37378.6,5.4,16.9110314662875,62.0424947918209,21.0464737418915,97.2028869602994,0.31199707749573,0.403325335939891,0.147606212296239,0.305579416091545,1.00362351036205,0.192036175863669,1.16850804182341,15.783,0.116,0.107,16.018,-0.223,-0.362,18.771,11.965,0.148,0.124
"84","North Tyneside","E08000022",34.5217404295795,8239.1,24.4,16.58657078401,65.8363255163072,17.5771036996828,96.6110726540206,0.365536028207031,0.545316009382423,0.341631764782048,0.432766769089795,0.903879960757168,0.205178261064437,1.6852505714613,21.279,0.163,0.143,20.475,0.538,-0.68,15.174,9.515,0.204,0.193
"85","North Yorkshire","E10000023",22.6880757249622,803761.29,0.7,16.093392783133,63.3177132772705,20.5888939395965,97.2443747743893,0.405096461088012,0.272571092423493,0.045957725577229,0.289617230637592,0.842781127585331,0.180154284262738,1.01324250972633,14.646,0.092,0.085,16.07,-0.505,-0.747,24.044,23.275,0.114,0.111
"86","Northamptonshire","E10000021",21.4436839549564,236397.29,2.9,18.6770180590561,65.9987976044581,15.3241843364858,91.3784482160612,2.44568987444216,1.77237727472426,0.616227715217241,0.411300205794622,2.04956413161607,0.375459569449904,5.24559507017828,18.936,0.122,0.103,24.051,-0.158,-0.019,22.84,15.966,0.168,0.135
"87","Northumberland","E06000057",27.4690850177832,501301.83,0.6,15.8292936068956,64.1395699115268,20.0311364815776,98.3805232447758,0.10695254850836,0.297125571151923,0.0933461592010835,0.143025301555558,0.535395597858418,0.0867011783765995,0.640449580416925,20.525,0.137,0.134,22.143,0.16,-0.804,23.816,11.249,0.186,0.134
"88","Nottingham","E06000018",55.9572101544098,7461.16,41,17.0923841926197,71.2771525778592,11.6304632295211,71.4381052080607,7.25758963622088,3.23900811305941,0.343169327401204,1.95891127976969,6.62948181104423,1.46983773881183,12.7986783564512,36.927,0.225,0.165,38.751,0.857,0.672,25.76,32.133,0.345,0.259
"89","Nottinghamshire","E10000024",30.0393737862719,208477.38,3.8,16.8943321600098,64.9780733569016,18.1275944830886,95.488049152331,0.649272972071845,0.916770382360951,0.0763551123565478,0.374394567588273,1.36370230668794,0.259861899053451,2.01679303437762,18.85,0.128,0.122,22.963,-0.019,-0.179,16.039,15.847,0.175,0.134
"90","Oldham","E08000004",66.5060005246846,14236.49,15.8,21.0096177361192,64.337896903916,14.6524853599648,77.4861380987741,1.24368044037937,0.691427631315669,7.25220878891226,0.322814443945451,1.80393691334255,0.245445692917202,9.51013130455275,30.291,0.206,0.17,32.97,0.72,0.371,12.013,21.011,0.26,0.208
"91","Oxfordshire","E10000025",16.1089510827503,260491.51,2.5,17.5011242004411,66.6312836686561,15.8675921309028,90.759072374036,1.74732868561849,1.24503286947956,0.381004530451301,0.859286813358254,2.02401965132962,0.532274494568659,4.23265289890761,11.513,0.08,0.062,15.61,-0.758,-0.48,22.56,15.106,0.118,0.096
"92","Peterborough","E06000031",25.0447909122098,34337.82,5.3,19.9732071382283,66.4789714155017,13.54782144627,82.2214114174622,2.2675909840931,2.52462819458588,0.124706612717896,0.47486535497819,2.6945341472845,0.807597845679651,5.39179114637507,27.659,0.182,0.142,33.434,0.436,0.283,25.408,17.714,0.251,0.185
"93","Plymouth","E06000026",15.8122191712431,7983.36,32.1,16.3535946080879,67.3758892910634,16.2705161008487,96.0886794807788,0.654487019470794,0.341284947578632,0.140024338492262,0.487939965052421,1.28206128307539,0.391600099850225,1.62373627059411,26.643,0.163,0.142,24.147,0.666,0.204,19.839,26.733,0.225,0.173
"94","Portsmouth","E06000044",21.862320536829,4041.14,50.7,17.3152699750312,69.3166744694132,13.3680555555556,88.3158746878901,1.84193586142322,1.41961220349563,1.77951388888889,1.27331070536829,2.66610096754057,1.05142009987516,6.31437265917603,27.054,0.156,0.11,32.327,0.311,0.308,23.387,42.986,0.238,0.19
"95","Reading","E06000038",18.0284910531927,4039.86,38.5,18.2796182353017,70.2674408149109,11.4529409497874,74.6939588177112,6.72455651325001,4.18374031779471,0.446376960526147,1.02955721974592,3.96922246913897,0.963403511926936,12.3842310113168,19.319,0.135,0.094,20.531,-0.318,0.144,23.672,27.397,0.198,0.185
"96","Redbridge","E09000026",28.271857188945,5641.14,49.5,21.2098075061835,66.8229558733914,11.9672366204251,42.4798365415636,8.90597555292684,16.3673513280998,5.73932680933434,1.07538444994085,4.10653475284081,2.69563035451841,32.0880381403018,20.242,0.151,0.1,11.875,-0.373,0.58,29.21,23.54,0.192,0.21
"97","Redcar and Cleveland","E06000003",34.1256278804826,24489.51,5.5,16.6108139698321,63.9687224897727,19.4204635403952,98.4768118836784,0.0902520399180334,0.0673191445290249,0.0695384569860257,0.114664476945042,0.631024508607233,0.0961702064700356,0.341774118378126,28.567,0.204,0.186,27.875,0.752,-0.013,12.863,7.923,0.273,0.189
"98","Richmond upon Thames","E09000027",15.8564629124552,5741.52,32.6,18.7026044173485,67.7693994331248,13.5279961495267,85.9029894646773,1.50596288571581,2.78196695010428,0.463661158350714,0.937483287876357,3.62586234557998,1.63752072303332,5.68907428204717,10.037,0.073,0.057,3.958,-1.41,0.091,19.756,28.02,0.087,0.108
"99","Rochdale","E08000005",60.7135602907902,15808.07,13.4,19.7577692856367,65.6857141507518,14.5565165636115,81.5724212206954,1.30846154209514,0.521967510474778,2.05102527645383,0.447805610796461,1.68588420351537,0.404347682322543,4.32925993982022,33.684,0.216,0.185,31.557,0.94,0.575,20.156,19.184,0.266,0.228
"100","Rotherham","E08000018",43.5828669154229,28653.77,9,17.8976212686567,64.6731187810945,17.4292599502488,93.5292288557214,0.82089552238806,0.373523009950249,0.0423662935323383,0.230099502487562,0.991526741293532,0.50839552238806,1.46688432835821,28.279,0.187,0.168,33.895,0.642,0.248,14.611,13.054,0.243,0.19
"101","Rutland","E06000017",13.1124729053494,38151.51,1,16.2059461050603,62.7900131124729,21.0040407824667,96.9868072466483,0.671679734539324,0.302389681286628,0.0187321041504991,0.334501859830341,1.04096978779202,0.168588937354492,1.32730337980679,9.621,0.064,0.058,9.747,-0.85,-0.6,27.328,14.93,0.076,0.079
"102","Salford","E08000006",57.6789080634199,9719.02,24.1,18.0543146969431,67.75102272873,14.1946625743268,90.0552722360676,2.79609973795916,1.09133811817914,0.258621058166227,1.08877328123865,1.9732145528848,1.0622699661869,5.23483219554317,32.959,0.212,0.173,28.931,1.124,0.257,18.872,23.401,0.278,0.249
"103","Sandwell","E08000028",40.9688927264878,8556.73,36,20.1893768482421,64.6056163836618,15.2050067680961,69.8980403359053,5.9588460801849,10.1927203201942,2.13852361367642,0.272346890084171,3.31068645049876,1.55098145509198,18.5624369041397,34.614,0.241,0.181,37.162,0.688,0.329,23.491,30.1,0.299,0.292
"104","Sefton","E08000014",38.7523284268965,15313.61,17.9,16.0856861097922,63.0914204317177,20.8228934584901,97.3815698162825,0.290733774060411,0.243252127543007,0.112494977902772,0.352459914533036,1.02998648599291,0.260783812410972,0.998940794039227,25.732,0.176,0.169,19.604,0.691,-0.145,9.68,23.834,0.211,0.192
"105","Sheffield","E08000019",46.5715454009242,36794.79,15,17.0992115042935,67.3953949534827,15.5053935422238,83.6236063817854,3.63344900831919,1.06170096508401,0.601775291388787,1.33852483634824,2.40438720603295,2.24317801041437,6.63545010114023,27.568,0.173,0.136,31.263,0.397,0.222,23.6,20.51,0.235,0.208
"106","Shropshire","E06000051",19.0573255065675,319730.32,1,16.0863557519869,63.2364134074197,20.6772308405933,97.8548259067256,0.189462612166766,0.245648076464497,0.0679452126391162,0.333192869672589,0.708198177892326,0.136543744630532,0.836248770942968,16.689,0.106,0.092,17.758,-0.296,-0.591,24.495,28.298,0.128,0.134
"107","Slough","E06000039",28.7079633393959,3253.61,43.1,22.6846403480618,68.1687528975429,9.14660675439535,45.5283335116437,8.64091865482686,15.6356763310866,0.391569487536108,0.568453336186299,3.39360222531293,2.55483042687493,25.2366178096359,22.873,0.151,0.103,21.223,-0.059,0.686,28.452,24.932,0.195,0.232
"108","Solihull","E08000029",29.1957382157407,17828.78,11.6,17.6011496366258,63.2401753486167,19.1586750147575,89.1132895284361,1.56720245410647,3.43439426342936,0.306279454599998,0.438371541654974,2.13089212963411,0.593204757250549,5.7462477137908,17.238,0.122,0.106,16.813,-0.484,0.066,21.258,13.403,0.164,0.13
"109","Somerset","E10000027",10.4816858249115,345054.82,1.5,16.5127591646351,62.4182032258308,21.0690376095341,97.839508502336,0.191142173548791,0.201708769519899,0.0834006324862446,0.235295449570921,0.800230955597654,0.111326636124173,0.711547025125856,17.783,0.113,0.1,20.03,-0.263,-0.397,25.496,24.111,0.148,0.123
"110","South Gloucestershire","E06000025",24.0517264344457,49694.56,5.3,17.6548044465249,65.4446715150685,16.9005240384066,94.876068912763,0.844093816955706,1.02714572225584,0.0905745394208557,0.499301662689759,1.39553292460621,0.330330673181944,2.46111574132216,11.358,0.087,0.074,17.479,-0.857,-0.294,18.358,11.164,0.124,0.106
"111","South Tyneside","E08000023",39.803681975602,6441.31,23,16.1793596035834,65.6922775726235,18.1283628237931,95.9244432142688,0.283540475402864,0.434086965914384,1.03559783159046,0.158647646951602,0.894502690259035,0.656193671646628,1.91187291985931,30.608,0.223,0.198,25.745,0.944,-0.254,21.056,7.355,0.282,0.245
"112","Southampton","E06000045",16.8480509283103,4988.93,47.5,16.3832625526633,70.6246147871092,12.9921226602275,85.7756182403053,2.13903969064766,2.84614280527858,0.591433709610692,1.45599918946986,2.39697402082049,1.14698457459832,7.0326153950068,26.878,0.154,0.11,28.923,0.498,0.677,21.048,34.996,0.25,0.192
"113","Southend-on-Sea","E06000033",15.1447097167997,4175.6,41.6,17.7964735284294,64.468668302065,17.7348581695056,91.4792292897534,2.10010480369462,1.04227850142234,0.537262896037038,0.624215411901554,2.10240818159831,0.516532494903776,4.30386161305555,24.516,0.169,0.139,26.73,0.093,0.461,16.213,24.893,0.227,0.174
"114","Southwark","E09000028",17.399569173347,2885.41,99.9,17.482126937766,74.7723591054623,7.74551395677164,54.1433244416077,26.887121335632,2.01850265190802,1.35699989246678,2.80072012570981,6.16685687328077,3.27906952543161,33.0633440057166,29.489,0.198,0.126,13.283,0.258,0.886,30.842,41.125,0.303,0.343
"115","St. Helens","E08000013",44.0653022109658,13638.25,12.9,16.9712734159308,65.1173933876378,17.9113331964314,98.0035138156844,0.141465306774363,0.287494010541447,0.0695918041390011,0.292057407534168,0.672530631802314,0.136901909781641,0.790608528988979,29.809,0.196,0.183,24.664,0.998,0.049,15.07,19.673,0.263,0.192
"116","Staffordshire","E10000028",30.8430633750113,262027.95,3.2,16.4781158035048,65.0356103614779,18.4862738350173,95.6031250847094,0.566890083430663,0.760410565134021,0.0767246245973725,0.32127699946611,1.1318944618021,0.212613245428049,1.72530227262817,16.38,0.112,0.102,20.592,-0.106,-0.352,17.99,16.595,0.147,0.131
"117","Stockport","E08000007",37.6736386903186,12606.18,22.5,17.6185685288148,64.368193451593,18.0132380195923,92.0522460506575,0.691201129644339,0.983496602241638,0.248874768334657,0.607889859676992,1.80178271997176,0.576118612655547,2.53146235989763,19.108,0.128,0.117,17.491,0.365,0.142,11.762,17.651,0.158,0.147
"118","Stockton-on-Tees","E06000004",40.2953916810187,20393.06,9.4,18.1368404571786,66.2319294400083,15.631230102813,94.5441260894525,0.591305255466834,0.776577422890246,0.0688899326757476,0.451959709827253,1.04222117843536,0.286519492719587,1.88873232086008,24.625,0.177,0.156,24.637,0.548,-0.263,17.844,7.068,0.226,0.179
"119","Stoke-on-Trent","E06000021",38.962603611129,9345.02,26.6,18.2889706354816,66.1219719848358,15.5890573796826,88.5630180556448,1.50236136991583,0.935311315299107,0.440548094840326,0.491550472273983,1.80355651224057,0.651384694467648,3.36977125232924,34.36,0.208,0.18,39.728,0.947,0.482,16.753,24.771,0.286,0.21
"120","Suffolk","E10000029",10.3534510816946,380018.39,1.9,17.0327248157349,63.0487953933391,19.9184797909259,95.1148300586544,0.941272764477184,0.549190222518859,0.309408745020002,0.296499547491427,1.71280331464246,0.344840372279284,2.09637127950747,18.314,0.114,0.098,25.229,-0.297,-0.303,24.098,21.13,0.15,0.124
"121","Sunderland","E08000024",40.7323252488149,13746.17,20,16.2849447924909,66.7306701124476,16.9843850950615,95.9006337430038,0.462058902528439,0.630113318766197,0.753159640806371,0.557519618447511,0.645357995833122,0.303804635833702,2.40285148054852,29.725,0.21,0.185,30.314,1.007,-0.215,15.516,7.289,0.262,0.247
"122","Surrey","E10000030",16.3645033954733,166249.81,6.8,18.0779590070559,64.7489822411007,17.1730587518434,90.2004609719266,1.09767836169518,1.786663605295,0.300249913898922,0.835489539822853,2.08002543293388,0.814736972244545,4.02008142071195,9.386,0.07,0.06,11.608,-1.03,-0.375,20.292,13.362,0.097,0.084
"123","Sutton","E09000029",17.8757375911142,4385.02,43.4,18.6793306196291,66.9985169290966,14.3221524512743,78.4954719005396,4.79631441103152,3.3942339044734,0.62215350309762,1.17804213604283,3.75185383862926,1.26639529624604,9.99074395464538,14.579,0.111,0.086,12.576,-0.461,0.163,19.784,19.062,0.159,0.129
"124","Swindon","E06000030",19.2535714968731,23010.36,9.1,18.5454875786494,67.659067872784,13.7954445485666,89.7502342748953,1.36787852129511,3.29945112738817,0.44751286121364,0.45611887777544,2.02050144389833,0.38535829715619,5.57096138767236,17.857,0.125,0.099,26.089,-0.135,0.073,17.064,13.737,0.172,0.153
"125","Tameside","E08000008",48.1251481825974,10317.14,21.3,18.2027502690084,66.2034250697598,15.5938246612318,90.9116193394248,0.813408473308895,1.67241159198264,1.95874596487389,0.433605077419708,1.44033484707556,0.181922635005745,4.87817110758513,29.38,0.188,0.166,27.805,0.942,0.35,13.003,23.669,0.246,0.203
"126","Telford and Wrekin","E06000020",25.6119442394129,29031.32,5.7,19.1699521726346,66.3744216609358,14.4556261664296,92.5636548028396,1.06756440491836,1.84588426617699,0.0972149711055503,0.388259792007969,1.79007567165343,0.283843711931637,3.39892343420887,24.852,0.176,0.139,26.915,0.42,0.008,24.309,9.384,0.245,0.194
"127","Thurrock","E06000034",20.2466630734599,16337.6,9.7,20.4083573761136,66.896420532006,12.6952220918804,85.6795916426239,7.81395643765258,1.41656891030722,0.432452997685552,0.525030912146096,1.96506134872071,0.587806347293998,10.1880092577914,21.603,0.152,0.112,29.967,-0.33,0.481,22.327,16.907,0.218,0.174
"128","Torbay","E06000027",14.9130643941997,6287.4,20.8,15.3170076130697,61.1229468765033,23.5600455104269,97.4824181614093,0.191663039577272,0.307729900197772,0.0755961789567727,0.199299017249674,1.08430882948098,0.18020907306867,0.77428813598149,28.788,0.191,0.176,24.462,0.568,0.306,15.99,27.731,0.241,0.198
"129","Tower Hamlets","E09000030",27.4935457464895,1976.9,128.5,18.6870316730684,75.1853630124048,6.12760531452679,45.1183804546313,7.33148101504943,2.67103771802783,32.0260846294314,3.19131351929979,4.07719916881808,2.27748567470562,45.2199168818085,35.657,0.253,0.138,18.831,0.543,0.762,37.748,39.823,0.393,0.497
"130","Trafford","E08000009",38.7945872944416,10603.73,21.4,18.9683023064905,65.0226412096497,16.0090564838599,85.5308105817864,2.88642321849429,2.78314752535551,0.201696546001818,0.985091226862273,2.66177651846163,0.970968055150985,6.85635851671389,15.388,0.12,0.107,11.154,0.004,-0.352,13.66,18.301,0.143,0.148
"131","Wakefield","E08000036",42.404637901773,33861.24,9.6,17.1748450912573,65.9019693896028,16.9231855191399,95.3406150928225,0.770937616047287,0.472628952513066,0.00982086135092086,0.261787335385484,0.898608813609259,0.289101606017733,1.51517476529676,26.892,0.166,0.159,34.202,0.655,0.118,16.169,15.659,0.224,0.169
"132","Walsall","E08000030",35.7748874028583,10395.49,25.9,19.5341652959458,63.454662245705,17.0111724583493,78.7834681776157,2.36481845219309,6.12721527682374,1.92853933752409,0.368702264567081,2.68228112712245,0.831343776803318,10.789275331108,30.37,0.219,0.169,36.464,0.42,0.197,19.219,22.11,0.284,0.237
"133","Waltham Forest","E09000031",21.7967930175916,3881.4,66.5,20.1596133963733,69.9406386859194,9.89974791770733,52.0544126017913,17.3441136267711,3.5368965610709,1.79361778748417,0.998648591088446,5.33051434855508,4.06739232291316,23.6732765664146,30.19,0.193,0.128,18.693,0.124,0.86,38.435,35.439,0.27,0.251
"134","Wandsworth","E09000032",17.9384029055848,3426.29,89.6,15.8846235280705,75.3494356585612,8.7659408133683,71.3539308457792,10.6698806169482,2.81502956074203,0.486327138878483,1.21011742862262,4.96457597029268,2.09905698789883,15.1813547451913,18.295,0.127,0.079,7.25,-0.335,0.439,24.595,38.202,0.207,0.234
"135","Warrington","E06000007",41.09223252962,18065.39,11.2,17.8808078010958,66.1896473287576,15.9295448701466,95.8947326779674,0.343177008129438,0.891567933223886,0.0751626876594735,0.419823169887454,1.06018948909152,0.240817295330024,1.72973079890025,19.312,0.122,0.115,18.643,0.352,-0.124,16.196,19.707,0.153,0.141
"136","Warwickshire","E10000031",23.064344038396,197508.17,2.8,16.8314163461503,64.969549419404,18.1990342344456,92.615596710384,0.814520948752828,3.01297587052728,0.0520648096884544,0.430634640697815,1.45726469089269,0.421284974169255,4.31019626966638,15.006,0.102,0.087,17.029,-0.263,-0.186,20.485,18.075,0.138,0.125
"137","West Berkshire","E06000037",11.0387330810937,70416.82,2.2,18.8503595064425,65.7903290816658,15.3593114118917,94.7133699990899,0.894540442849527,1.08892096059081,0.146272964855482,0.428417261510057,1.57324699977897,0.236637152032869,2.55815162980588,10.242,0.076,0.064,13.751,-1.265,-0.195,22.002,11.807,0.104,0.092
"138","West Sussex","E10000032",11.5467745373606,199049.35,4.1,16.7801886745686,62.5757846155371,20.6440267098943,93.6216990625759,0.885620380422659,1.19706230821473,0.290745229844886,0.366839676189626,1.50639738651517,0.341805346936145,2.7402675946719,14.027,0.097,0.084,18.235,-0.517,-0.328,21.771,14.708,0.129,0.111
"139","Westminster","E09000033",18.7925030538387,2147.78,102.2,14.1333479188317,74.6932487374428,11.1734033437255,61.6483436343416,7.50788528505533,3.28766249156776,2.87106419442469,2.69694980765374,5.19380480956809,11.0927273058761,16.3635617787015,27.686,0.17,0.109,8.793,-0.301,0.443,35.103,54.767,0.287,0.249
"140","Wigan","E08000010",52.745171449336,18819.15,16.9,17.6168558025981,66.1336043215489,16.249539875853,97.2291874443525,0.527923636695412,0.320592482593936,0.034293013349106,0.280321788018839,0.867078392570057,0.221174205361665,1.16313092065729,24.857,0.163,0.156,26.699,0.653,-0.008,14.167,13.808,0.202,0.185
"141","Wiltshire","E06000054",11.0874960985687,325534.12,1.4,18.0151640936683,63.8337852270049,18.1510506793268,96.4399837785388,0.685377966414781,0.328463356271272,0.126332060104335,0.256910576010497,1.18221329522847,0.219966410534608,1.39708395880089,13.466,0.088,0.077,17.2,-0.546,-0.446,25.78,15.064,0.114,0.105
"142","Windsor and Maidenhead","E06000040",16.9825677919203,19650.96,7.4,18.5473159933592,64.7973159933592,16.6553680132817,85.975373547316,1.19327614831212,4.05368013281682,0.2718594355285,0.740868843386829,2.2931654676259,0.807277255118982,6.25968456004427,8.857,0.069,0.058,9.059,-1.314,-0.125,18.679,13.064,0.084,0.092
"143","Wirral","E08000015",31.5119940709794,15704.94,20.4,17.2604547458745,63.6747419343742,19.0648033197512,96.9654421904854,0.217334880215646,0.420285005769537,0.266117961242468,0.516913031649587,1.02757182214189,0.165737390668047,1.42065087887724,26.892,0.187,0.173,20.106,0.818,-0.247,11.075,21.872,0.241,0.187
"144","Wokingham","E06000041",14.3088482964115,17897.92,8.6,18.9933929265449,65.5972276201581,15.4093794532971,88.245886772898,1.35574556289675,3.45316750874466,0.143801010493587,0.779246016323358,2.06114781707475,0.739733126052597,5.73196009845835,5.652,0.052,0.048,7.153,-1.812,-0.632,18.816,5.957,0.068,0.066
"145","Wolverhampton","E08000031",33.5350944001283,6943.95,35.9,18.5288812282038,65.1849921834289,16.2861265883673,67.9332184230569,6.93830921553694,12.892131318395,0.173167114282278,0.551569326973183,5.12446386339039,1.89802381047821,20.5551769751874,33.183,0.238,0.187,33.243,0.538,0.272,22.065,25.574,0.313,0.25
"146","Worcestershire","E10000034",19.8792233414405,174051.71,3.3,16.5378182132897,64.1946132691829,19.2675685175275,95.535608625693,0.418956177395795,0.641857819838246,0.23243943062937,0.282777757171445,1.24432810697866,0.168324298928412,1.57603118503486,17.704,0.116,0.1,19.171,-0.262,-0.282,26.195,19.261,0.157,0.127
"147","York","E06000014",28.7552196151496,27193.63,7.3,15.0148194152011,68.1132637552953,16.8719168295035,94.1484769074632,0.602875017041065,0.773033208617982,0.186820566419761,1.2365501815189,1.21837304532671,0.491287597638992,2.79927897359771,12.219,0.086,0.072,13.596,-0.494,-0.412,17.942,20.095,0.123,0.111
